Date,Name,Year,Letterboxd URI
2022-07-25,Limitless,2011,https://boxd.it/Aly
2022-07-25,Little Fockers,2010,https://boxd.it/13Ea
2022-07-25,Funny People,2009,https://boxd.it/1CRy
2022-07-25,"I Love You, Man",2009,https://boxd.it/1JZu
2022-07-25,The Man from Earth,2007,https://boxd.it/1Ql2
2022-07-25,Shutter Island,2010,https://boxd.it/1U82
2022-07-25,Yes Man,2008,https://boxd.it/1WPW
2022-07-25,I Now Pronounce You Chuck & Larry,2007,https://boxd.it/25cE
2022-07-25,50 First Dates,2004,https://boxd.it/285c
2022-07-25,Catch Me If You Can,2002,https://boxd.it/29VS
2022-07-25,LOL,2012,https://boxd.it/2Nas
2022-07-25,Dallas Buyers Club,2013,https://boxd.it/4O8G
2022-07-25,The Imitation Game,2014,https://boxd.it/6aig
2022-07-25,In the Heart of the Sea,2015,https://boxd.it/6avY
2022-07-25,Pan,2015,https://boxd.it/7XYi
2022-07-25,Dirty Grandpa,2016,https://boxd.it/99pG
2022-07-25,Avengers: Infinity War,2018,https://boxd.it/9vEe
2022-07-25,Captain Marvel,2019,https://boxd.it/9vSA
2022-07-25,Bloodshot,2020,https://boxd.it/bfG8
2022-07-25,Ant-Man and the Wasp,2018,https://boxd.it/cqUW
2022-07-25,Deadpool 2,2018,https://boxd.it/dlLM
2022-07-25,Sindhubaadh,2019,https://boxd.it/lbVe
2022-07-25,Capmaari,2019,https://boxd.it/ooxq
2022-07-25,A Very Harold & Kumar Christmas,2011,https://boxd.it/rLM
2022-07-25,Immortals,2011,https://boxd.it/176m
2022-07-25,American Pie Presents: The Book of Love,2009,https://boxd.it/1uwC
2022-07-25,Harold & Kumar Escape from Guantanamo Bay,2008,https://boxd.it/1QoU
2022-07-25,Ghost Town,2008,https://boxd.it/1Rd4
2022-07-25,Harold & Kumar Go to White Castle,2004,https://boxd.it/1Ueu
2022-07-25,The Covenant,2006,https://boxd.it/1Xrw
2022-07-25,Species,1995,https://boxd.it/1YUk
2022-07-25,The Heartbreak Kid,2007,https://boxd.it/1ZjY
2022-07-25,Atonement,2007,https://boxd.it/24ui
2022-07-25,Meet the Parents,2000,https://boxd.it/28vE
2022-07-25,Meet the Fockers,2004,https://boxd.it/29NE
2022-07-25,Troy,2004,https://boxd.it/29TW
2022-07-25,There's Something About Mary,1998,https://boxd.it/2aae
2022-07-25,American Reunion,2012,https://boxd.it/2qH4
2022-07-25,The Secret Life of Walter Mitty,2013,https://boxd.it/3SWy
2022-07-25,Alien: Covenant,2017,https://boxd.it/49UY
2022-07-25,The To Do List,2013,https://boxd.it/4dAo
2022-07-25,Laggies,2014,https://boxd.it/7aRC
2022-07-25,Knock Knock,2015,https://boxd.it/7Q9s
2022-07-25,Blade Runner 2049,2017,https://boxd.it/b8wK
2022-07-25,Baked in Brooklyn,2016,https://boxd.it/eL5E
2022-07-25,Mortal Engines,2018,https://boxd.it/fahg
2022-07-25,The Kissing Booth,2018,https://boxd.it/geR0
2022-07-25,American Pie Presents: Girls' Rules,2020,https://boxd.it/oAn8
2022-07-25,Hot Tub Time Machine,2010,https://boxd.it/1zIS
2022-07-25,Wanted,2008,https://boxd.it/1ZBS
2022-07-25,Tenet,2020,https://boxd.it/leq4
2022-07-25,No Time to Die,2021,https://boxd.it/cPX2
2022-07-25,F9,2021,https://boxd.it/dqsU
2022-07-25,M.S. Dhoni: The Untold Story,2016,https://boxd.it/dyem
2022-07-25,Godzilla vs. Kong,2021,https://boxd.it/e0qK
2022-07-25,The Suicide Squad,2021,https://boxd.it/fw6O
2022-07-25,Sivalinga,2017,https://boxd.it/g7Va
2022-07-25,Black Widow,2021,https://boxd.it/hWV8
2022-07-25,Free Guy,2021,https://boxd.it/k8dm
2022-07-25,Skylines,2020,https://boxd.it/kv7G
2022-07-25,Shang-Chi and the Legend of the Ten Rings,2021,https://boxd.it/kLDI
2022-07-25,Venom: Let There Be Carnage,2021,https://boxd.it/llco
2022-07-25,The Tomorrow War,2021,https://boxd.it/lE78
2022-07-25,Kasada Thapara,2021,https://boxd.it/moeY
2022-07-25,Tughlaq Durbar,2021,https://boxd.it/mYeK
2022-07-25,Wrath of Man,2021,https://boxd.it/nEia
2022-07-25,Jagame Thandhiram,2021,https://boxd.it/op5C
2022-07-25,Doctor,2021,https://boxd.it/p5Ps
2022-07-25,Karnan,2021,https://boxd.it/pnSa
2022-07-25,Annaatthe,2021,https://boxd.it/sgNy
2022-07-25,Eeswaran,2021,https://boxd.it/sIqC
2022-07-25,Sarpatta Parambarai,2021,https://boxd.it/tX36
2022-07-25,Mandela,2021,https://boxd.it/ulX8
2022-07-25,Aranmanai 3,2021,https://boxd.it/wpt6
2022-07-25,Annabelle Sethupathi,2021,https://boxd.it/wFmq
2022-07-25,Dikkiloona,2021,https://boxd.it/wInm
2022-07-25,The 40 Year Old Virgin,2005,https://boxd.it/21hK
2022-07-25,Evan Almighty,2007,https://boxd.it/26s4
2022-07-25,Star Wars: The Last Jedi,2017,https://boxd.it/5xme
2022-07-25,Uncharted,2022,https://boxd.it/b5Dy
2022-07-25,Fantastic Beasts: The Crimes of Grindelwald,2018,https://boxd.it/bg8G
2022-07-25,Maanagaram,2017,https://boxd.it/ewN2
2022-07-25,The Batman,2022,https://boxd.it/eDGs
2022-07-25,Dune,2021,https://boxd.it/fA7G
2022-07-25,Doctor Strange in the Multiverse of Madness,2022,https://boxd.it/gaTc
2022-07-25,Brightburn,2019,https://boxd.it/jk58
2022-07-25,Maanaadu,2021,https://boxd.it/ju24
2022-07-25,Hubie Halloween,2020,https://boxd.it/mQwm
2022-07-25,The Matrix Resurrections,2021,https://boxd.it/n87k
2022-07-25,Bachelor,2021,https://boxd.it/npfK
2022-07-25,Spider-Man: No Way Home,2021,https://boxd.it/nwRw
2022-07-25,Valimai,2022,https://boxd.it/nLOC
2022-07-25,Minnal Murali,2021,https://boxd.it/osLw
2022-07-25,Pushpa: The Rise - Part 1,2021,https://boxd.it/pO3y
2022-07-25,Maaran,2022,https://boxd.it/syvW
2022-07-25,Mahaan,2022,https://boxd.it/uhxK
2022-07-25,Manmatha Leelai,2022,https://boxd.it/wGpA
2022-07-25,Idiot,2022,https://boxd.it/xeO0
2022-07-25,Sabhaapathy,2021,https://boxd.it/xOwc
2022-07-25,Murungakkai Chips,2021,https://boxd.it/xX26
2022-07-25,Fantastic Beasts: The Secrets of Dumbledore,2022,https://boxd.it/bg8Q
2022-07-25,Resident Evil: Welcome to Raccoon City,2021,https://boxd.it/gsvM
2022-07-25,Jurassic World Dominion,2022,https://boxd.it/ikXW
2022-07-25,Morbius,2022,https://boxd.it/j978
2022-07-25,K.G.F: Chapter 2,2022,https://boxd.it/lCgM
2022-07-25,Thor: Love and Thunder,2022,https://boxd.it/mMAY
2022-07-25,Don't Look Up,2021,https://boxd.it/o0Hc
2022-07-25,World Famous Lover,2020,https://boxd.it/oxik
2022-07-25,The Gray Man,2022,https://boxd.it/rb7q
2022-07-25,Vikram,2022,https://boxd.it/rUJa
2022-07-25,Kaathuvaakula Rendu Kaadhal,2022,https://boxd.it/sgG8
2022-07-25,Beast,2022,https://boxd.it/u7XI
2022-07-25,Iravin Nizhal,2022,https://boxd.it/uN4U
2022-07-25,Yaanai,2022,https://boxd.it/xj2q
2022-07-25,Don,2022,https://boxd.it/xOoC
2022-07-25,Nenjuku Needhi,2022,https://boxd.it/y8os
2022-07-25,Dora and the Lost City of Gold,2019,https://boxd.it/i1VW
2022-07-25,black-ish: A Celebration – An ABC News Special,2022,https://boxd.it/AnaO
2022-07-25,Megamind,2010,https://boxd.it/16Sk
2022-07-25,Night at the Museum,2006,https://boxd.it/28wi
2022-07-25,Zoolander,2001,https://boxd.it/1YMA
2022-07-25,Happy Gilmore,1996,https://boxd.it/1Yey
2022-07-25,Night at the Museum: Battle of the Smithsonian,2009,https://boxd.it/1H7U
2022-07-25,Friends: The Reunion,2021,https://boxd.it/pOQq
2022-07-25,Night at the Museum: Secret of the Tomb,2014,https://boxd.it/5x3m
2022-07-25,Zoolander 2,2016,https://boxd.it/aNBE
2022-07-25,Greenberg,2010,https://boxd.it/1rt6
2022-07-25,Uncut Gems,2019,https://boxd.it/gXGc
2022-07-25,Punch-Drunk Love,2002,https://boxd.it/20E4
2022-07-25,Click,2006,https://boxd.it/1YVM
2022-07-25,Grown Ups,2010,https://boxd.it/169a
2022-07-25,Murder Mystery,2019,https://boxd.it/iEBm
2022-07-25,Pixels,2015,https://boxd.it/7BaA
2022-07-25,Grown Ups 2,2013,https://boxd.it/3GAq
2022-07-25,Billy Madison,1995,https://boxd.it/1UQI
2022-07-25,You Don't Mess with the Zohan,2008,https://boxd.it/1VHs
2022-07-25,The Waterboy,1998,https://boxd.it/1VHi
2022-07-25,The Longest Yard,2005,https://boxd.it/1Z3c
2022-07-25,Blended,2014,https://boxd.it/6QQY
2022-07-25,Anger Management,2003,https://boxd.it/1YvO
2022-07-25,That's My Boy,2012,https://boxd.it/35IW
2022-07-25,The Do-Over,2016,https://boxd.it/dA2C
2022-07-25,Spanglish,2004,https://boxd.it/26Cy
2022-07-25,Reign Over Me,2007,https://boxd.it/26SQ
2022-07-25,A Modern Farewell,2020,https://boxd.it/q8sS
2022-07-25,Friends with Benefits,2011,https://boxd.it/DoK
2022-07-25,Babylon A.D.,2008,https://boxd.it/1YPk
2022-07-25,xXx: Return of Xander Cage,2017,https://boxd.it/JqC
2022-07-25,Riddick,2013,https://boxd.it/35Jq
2022-07-25,The Chronicles of Riddick,2004,https://boxd.it/26iy
2022-07-25,xXx,2002,https://boxd.it/20VY
2022-07-25,Fast & Furious,2009,https://boxd.it/1Pnm
2022-07-25,Fast & Furious 6,2013,https://boxd.it/2UG6
2022-07-25,The Fate of the Furious,2017,https://boxd.it/bbCw
2022-07-25,The Fast and the Furious: Tokyo Drift,2006,https://boxd.it/1Yeo
2022-07-25,Fast Five,2011,https://boxd.it/BgO
2022-07-25,Furious 7,2015,https://boxd.it/5cVs
2022-07-25,The Fast and the Furious,2001,https://boxd.it/1XMu
2022-07-25,Saving Private Ryan,1998,https://boxd.it/29ro
2022-07-25,Guardians of the Galaxy Vol. 2,2017,https://boxd.it/8MxC
2022-07-25,Guardians of the Galaxy,2014,https://boxd.it/3VH2
2022-07-25,Avengers: Endgame,2019,https://boxd.it/9vE4
2022-07-25,Eternal Sunshine of the Spotless Mind,2004,https://boxd.it/6YK
2022-07-25,Thor: Ragnarok,2017,https://boxd.it/8MHi
2022-07-25,The Avengers,2012,https://boxd.it/1xFW
2022-07-25,Avengers: Age of Ultron,2015,https://boxd.it/3qi6
2022-07-25,Iron Man 3,2013,https://boxd.it/2cBQ
2022-07-25,Now You See Me,2013,https://boxd.it/2Bsu
2022-07-25,Now You See Me 2,2016,https://boxd.it/99fw
2022-07-25,Doctor Strange,2016,https://boxd.it/8MH8
2022-07-25,Thor,2011,https://boxd.it/1WQU
2022-07-25,Thor: The Dark World,2013,https://boxd.it/2DqA
2022-07-25,Star Trek,2009,https://boxd.it/1Q6c
2022-07-25,Extraction,2020,https://boxd.it/jUjA
2022-07-25,Rush,2013,https://boxd.it/3lyS
2022-07-25,Star Trek Into Darkness,2013,https://boxd.it/uYE
2022-07-25,Men in Black: International,2019,https://boxd.it/hdJw
2022-07-25,Captain America: Civil War,2016,https://boxd.it/89Ja
2022-07-25,Captain America: The Winter Soldier,2014,https://boxd.it/3r58
2022-07-25,Iron Man 2,2010,https://boxd.it/1WZM
2022-07-25,Lucy,2014,https://boxd.it/75hu
2022-07-25,The Jungle Book,2016,https://boxd.it/8wjk
2022-07-25,Don Jon,2013,https://boxd.it/4sdk
2022-07-25,Sherlock: The Abominable Bride,2016,https://boxd.it/dbTQ
2022-07-25,Sherlock: The Final Problem,2017,https://boxd.it/fl5A
2022-07-25,Sherlock: His Last Vow,2014,https://boxd.it/wls4
2022-07-25,Jumanji: Welcome to the Jungle,2017,https://boxd.it/bUeE
2022-07-25,Jumanji: The Next Level,2019,https://boxd.it/ixu4
2022-07-25,Doctor Who: The Time of the Doctor,2013,https://boxd.it/8JwG
2022-07-25,Doctor Who: A Christmas Carol,2010,https://boxd.it/abn0
2022-07-25,"Doctor Who: The Doctor, the Widow and the Wardrobe",2011,https://boxd.it/abnu
2022-07-25,WandaVision,2021,https://boxd.it/sbGW
2022-07-25,Pacific Rim,2013,https://boxd.it/2cB2
2022-07-25,Fast & Furious Presents: Hobbs & Shaw,2019,https://boxd.it/dnDA
2022-07-25,Silver Linings Playbook,2012,https://boxd.it/2TTo
2022-07-25,The Hangover,2009,https://boxd.it/1GjK
2022-07-25,American Hustle,2013,https://boxd.it/5dz8
2022-07-25,The Hangover Part II,2011,https://boxd.it/PZI
2022-07-25,The Hangover Part III,2013,https://boxd.it/3GNY
2022-07-25,The A-Team,2010,https://boxd.it/1dHS
2022-07-25,Remo,2016,https://boxd.it/e9Pk
2022-07-25,Ethir Neechal,2013,https://boxd.it/4MdO
2022-07-25,Velaikkaran,2017,https://boxd.it/giem
2022-07-25,3,2012,https://boxd.it/2M0G
2022-07-25,RajiniMurugan,2016,https://boxd.it/aM7o
2022-07-25,Varuthapadatha Valibar Sangam,2013,https://boxd.it/6wLk
2022-07-25,Maan Karate,2014,https://boxd.it/7H7M
2022-07-25,Kaaki Sattai,2015,https://boxd.it/8Btu
2022-07-25,Kedi Billa Killadi Ranga,2013,https://boxd.it/5uHS
2022-07-25,Mr. Local,2019,https://boxd.it/lrbQ
2022-07-25,Seemaraja,2018,https://boxd.it/ihqK
2022-07-25,Namma Veettu Pillai,2019,https://boxd.it/9XPa
2022-07-25,Marina,2012,https://boxd.it/3Kg0
2022-07-25,Manam Kothi Paravai,2012,https://boxd.it/3PEm
2022-07-25,Vada Chennai,2018,https://boxd.it/esfK
2022-07-25,Asuran,2019,https://boxd.it/lbR2
2022-07-25,Raanjhanaa,2013,https://boxd.it/5M1U
2022-07-25,The Extraordinary Journey of the Fakir,2018,https://boxd.it/el3s
2022-07-25,Aadukalam,2011,https://boxd.it/2elq
2022-07-25,Velaiyilla Pattathari,2014,https://boxd.it/7OWi
2022-07-25,Mayakkam Enna,2011,https://boxd.it/2F2U
2022-07-25,Maari,2015,https://boxd.it/9ZFw
2022-07-25,Velaiyilla Pattathari 2,2017,https://boxd.it/ghpe
2022-07-25,Enai Noki Paayum Thota,2019,https://boxd.it/fb3Y
2022-07-25,Polladhavan,2007,https://boxd.it/2i28
2022-07-25,Maari 2,2018,https://boxd.it/hMlu
2022-07-25,Maryan,2013,https://boxd.it/5N4K
2022-07-25,Kodi,2016,https://boxd.it/d5eC
2022-07-25,Pattas,2020,https://boxd.it/mU9m
2022-07-25,Pa Paandi,2017,https://boxd.it/eDnK
2022-07-25,Yaaradi Nee Mohini,2008,https://boxd.it/2i2i
2022-07-25,Anegan,2015,https://boxd.it/7OWM
2022-07-25,Uthama Puthiran,2010,https://boxd.it/2i2W
2022-07-25,Kuselan,2008,https://boxd.it/1S8k
2022-07-25,Venghai,2011,https://boxd.it/2i3g
2022-07-25,Kutty,2010,https://boxd.it/2i2M
2022-07-25,Padikathavan,2009,https://boxd.it/2i2C
2022-07-25,Thiruvilaiyaadal Aarambam,2006,https://boxd.it/3Lya
2022-07-25,Mappillai,2011,https://boxd.it/2i3q
2022-07-25,Naiyaandi,2013,https://boxd.it/6EdU
2022-07-25,Sullan,2004,https://boxd.it/2i0G
2022-07-25,Thiruda Thirudi,2003,https://boxd.it/2hZI
2022-07-25,Thulluvadho Ilamai,2002,https://boxd.it/2hZe
2022-07-25,Ratsasan,2018,https://boxd.it/eyFu
2022-07-25,Deiva Thirumagal,2011,https://boxd.it/5CI
2022-07-25,Thalaivaa,2013,https://boxd.it/65uG
2022-07-25,Aadai,2019,https://boxd.it/kfza
2022-07-25,Vettai,2012,https://boxd.it/2i44
2022-07-25,Kadhalil Sodhappuvadhu Yeppadi,2012,https://boxd.it/3tqs
2022-07-25,Kathai Thiraikathai Vasanam Iyakkam,2014,https://boxd.it/7Sfi
2022-07-25,Mynaa,2010,https://boxd.it/qYA
2022-07-25,Nimirndhu Nil,2014,https://boxd.it/7FKC
2022-07-25,Bhaskar Oru Rascal,2018,https://boxd.it/gJeS
2022-07-25,Thiruttu Payale 2,2017,https://boxd.it/gQIA
2022-07-25,Jeeva,2014,https://boxd.it/9j6k
2022-07-25,Ivan Veramathiri,2013,https://boxd.it/787s
2022-07-25,Petta,2019,https://boxd.it/jtnK
2022-07-25,Vantha Rajavathaan Varuven,2019,https://boxd.it/kJZi
2022-07-25,Theri,2016,https://boxd.it/cPGq
2022-07-25,Sillu Karuppatti,2019,https://boxd.it/ow9m
2022-07-25,Samar,2013,https://boxd.it/2EWi
2022-07-25,Maasilamani,2009,https://boxd.it/3KhW
2022-07-25,Vamsam,2010,https://boxd.it/3LNE
2022-07-25,Kadhalil Vizhunthen,2008,https://boxd.it/3RnW
2022-07-25,Boys,2003,https://boxd.it/2yeO
2022-07-25,Sachein,2005,https://boxd.it/6rc
2022-07-25,Velayudham,2011,https://boxd.it/6sk
2022-07-25,Bāhubali: The Beginning,2015,https://boxd.it/7y2y
2022-07-25,K.G.F: Chapter 1,2018,https://boxd.it/kGf2
2022-07-25,Ayan,2009,https://boxd.it/1E94
2022-07-25,Oopiri,2016,https://boxd.it/cPiy
2022-07-25,Ko,2011,https://boxd.it/6p6
2022-07-25,Paiyaa,2010,https://boxd.it/13tc
2022-07-25,Dharmadurai,2016,https://boxd.it/cYa4
2022-07-25,Veeram,2014,https://boxd.it/7g7q
2022-07-25,Devi(L),2016,https://boxd.it/enMk
2022-07-25,Sura,2010,https://boxd.it/13y2
2022-07-25,Sketch,2018,https://boxd.it/g9Yg
2022-07-25,Action,2019,https://boxd.it/n4oG
2022-07-25,Inji Iduppazhagi,2015,https://boxd.it/c78a
2022-07-25,Thillalangadi,2010,https://boxd.it/606
2022-07-25,Vasuvum Saravananum Onna Padichavanga,2015,https://boxd.it/bQZc
2022-07-25,Nannbenda,2015,https://boxd.it/aN0e
2022-07-25,Devi 2,2019,https://boxd.it/lvro
2022-07-25,Petromax,2019,https://boxd.it/mOiW
2022-07-25,Villu,2009,https://boxd.it/1xLg
2022-07-25,Thaamirabharani,2007,https://boxd.it/2EWs
2022-07-25,Thimiru,2006,https://boxd.it/2EXq
2022-07-25,Thoranai,2009,https://boxd.it/2EWM
2022-07-25,Ya Yaa,2013,https://boxd.it/6BVE
2022-07-25,Malaikottai,2007,https://boxd.it/2EWC
2022-07-25,Giri,2004,https://boxd.it/2h8a
2022-07-25,Pannaiyarum Padminiyum,2014,https://boxd.it/7n4o
2022-07-25,Naan Mahaan Alla,2010,https://boxd.it/Cv6
2022-07-25,Santosh Subramaniam,2008,https://boxd.it/5ZW
2022-07-25,Sivaji: The Boss,2007,https://boxd.it/1yq4
2022-07-25,Azhagiya Tamil Magan,2007,https://boxd.it/6s0
2022-07-25,Kanthaswamy,2009,https://boxd.it/1wmk
2022-07-25,Indiralohathil Na Azhagappan,2008,https://boxd.it/7NWc
2022-07-25,7Aum Arivu,2011,https://boxd.it/357Q
2022-07-25,Si 3,2017,https://boxd.it/d5cm
2022-07-25,Puli,2015,https://boxd.it/aPrw
2022-07-25,Vedalam,2015,https://boxd.it/coDE
2022-07-25,Poojai,2014,https://boxd.it/9pNu
2022-07-25,Bairavaa,2017,https://boxd.it/evSA
2022-07-25,Thaanaa Serndha Koottam,2018,https://boxd.it/fmzc
2022-07-25,Saamy²,2018,https://boxd.it/hMnK
2022-07-25,Bigil,2019,https://boxd.it/kDlQ
2022-07-25,Chandramukhi,2005,https://boxd.it/xjE
2022-07-25,Naanum Rowdydhaan,2015,https://boxd.it/ap8I
2022-07-25,Thani Oruvan,2015,https://boxd.it/8Bt0
2022-07-25,Darbar,2020,https://boxd.it/lT1O
2022-07-25,Imaikkaa Nodigal,2018,https://boxd.it/eEnw
2022-07-25,Ghajini,2005,https://boxd.it/2hIM
2022-07-25,Kolamavu Kokila,2018,https://boxd.it/jpbA
2022-07-25,Raja Rani,2013,https://boxd.it/6DKS
2022-07-25,Viswasam,2019,https://boxd.it/ib0w
2022-07-25,Mookuthi Amman,2020,https://boxd.it/srSu
2022-07-25,Massu Engira Maasilamani,2015,https://boxd.it/aM7y
2022-07-25,Arrambam,2013,https://boxd.it/5HQy
2022-07-25,Billa,2007,https://boxd.it/1yOq
2022-07-25,Boss Engira Baskaran,2010,https://boxd.it/An0
2022-07-25,Aadhavan,2009,https://boxd.it/qiu
2022-07-25,Kaashmora,2016,https://boxd.it/cT1c
2022-07-25,Goa,2010,https://boxd.it/Erg
2022-07-25,Satyam,2008,https://boxd.it/3Lp8
2022-07-25,Idhu Kathirvelan Kadhal,2014,https://boxd.it/7wlS
2022-07-25,Aegan,2008,https://boxd.it/2hfU
2022-07-25,E,2006,https://boxd.it/vvI
2022-07-25,Idhu Namma Aalu,2016,https://boxd.it/ajhu
2022-07-25,Vasool Raja MBBS,2004,https://boxd.it/HGS
2022-07-25,Pammal K. Sambandam,2002,https://boxd.it/8sG
2022-07-25,Oru Kal Oru Kannadi,2012,https://boxd.it/2FfO
2022-07-25,Theeradha Vilaiyattu Pillai,2010,https://boxd.it/1dzu
2022-07-25,Silambattam,2008,https://boxd.it/2hKS
2022-07-25,Naan Avan Illai,2007,https://boxd.it/3KcW
2022-07-25,Singam II,2013,https://boxd.it/5N2a
2022-07-25,Biriyani,2013,https://boxd.it/5N1Q
2022-07-25,Bogan,2017,https://boxd.it/eoPO
2022-07-25,Aambala,2015,https://boxd.it/aiMG
2022-07-25,100,2019,https://boxd.it/jt5w
2022-07-25,Aranmanai,2014,https://boxd.it/8BnG
2022-07-25,Romeo Juliet,2015,https://boxd.it/8Et8
2022-07-25,Aranmanai 2,2016,https://boxd.it/cKqM
2022-07-25,Meaghamann,2014,https://boxd.it/7Rz2
2022-07-25,Settai,2013,https://boxd.it/5vU4
2022-07-25,Vaalu,2015,https://boxd.it/7JuS
2022-07-25,Maruthu,2016,https://boxd.it/cT2k
2022-07-25,96,2018,https://boxd.it/fHYM
2022-07-25,Kaithi,2019,https://boxd.it/lBLY
2022-07-25,Super Deluxe,2019,https://boxd.it/fjRW
2022-07-25,Kannum Kannum Kollaiyadithaal,2020,https://boxd.it/iij6
2022-07-25,Oh My Kadavule,2020,https://boxd.it/npg4
2022-07-25,Psycho,2020,https://boxd.it/nREe
2022-07-25,Chekka Chivantha Vaanam,2018,https://boxd.it/idrO
2022-07-25,Pariyerum Perumal,2018,https://boxd.it/gyAy
2022-07-25,Mersal,2017,https://boxd.it/gicK
2022-07-25,Vikram Vedha,2017,https://boxd.it/fkaY
2022-07-25,Kabali,2016,https://boxd.it/cFDQ
2022-07-25,Rekka,2016,https://boxd.it/ellG
2022-07-25,Iraivi,2016,https://boxd.it/cNg6
2022-07-25,Aruvi,2016,https://boxd.it/eYdQ
2022-07-25,Kadhalum Kadanthu Pogum,2016,https://boxd.it/dvpw
2022-07-25,Sethupathi,2016,https://boxd.it/cP84
2022-07-25,Visaranai,2015,https://boxd.it/cUXG
2022-07-25,Uttama Villain,2015,https://boxd.it/8j7A
2022-07-25,Irudhi Suttru,2016,https://boxd.it/c77Q
2022-07-25,Thoongaavanam,2015,https://boxd.it/cESU
2022-07-25,I,2015,https://boxd.it/7Q9i
2022-07-25,Kaththi,2014,https://boxd.it/7Q9W
2022-07-25,Kaaka Muttai,2014,https://boxd.it/7Ryy
2022-07-25,Jigarthanda,2014,https://boxd.it/88Je
2022-07-25,Vaayai Moodi Pesavum,2014,https://boxd.it/7QcG
2022-07-25,Soodhu Kavvum,2013,https://boxd.it/5IRi
2022-07-25,Thanga Meenkal,2013,https://boxd.it/6u1a
2022-07-25,Thuppakki,2012,https://boxd.it/4yY2
2022-07-25,Saattai,2012,https://boxd.it/4wvC
2022-07-25,Attakathi,2012,https://boxd.it/4eNI
2022-07-25,Vazhakku Enn 18/9,2012,https://boxd.it/3HnW
2022-07-25,Naduvula Konjam Pakkatha Kaanom,2012,https://boxd.it/4EJM
2022-07-25,Neethaane En Ponvasantham,2012,https://boxd.it/3SGg
2022-07-25,Vishwaroopam,2013,https://boxd.it/3U0c
2022-07-25,Engeyum Eppodhum,2011,https://boxd.it/2L7Q
2022-07-25,180,2011,https://boxd.it/4C8
2022-07-25,Aaranya Kaandam,2011,https://boxd.it/3Xc6
2022-07-25,Manmadhan Ambu,2010,https://boxd.it/ysM
2022-07-25,Siruthai,2011,https://boxd.it/6Wu
2022-07-25,Vinnaithaandi Varuvaayaa,2010,https://boxd.it/1796
2022-07-25,Eeram,2009,https://boxd.it/7XS
2022-07-25,Naadodigal,2009,https://boxd.it/1wm0
2022-07-25,Dasavatharam,2008,https://boxd.it/1HV6
2022-07-25,Vaaranam Aayiram,2008,https://boxd.it/15yo
2022-07-25,Abhiyum Naanum,2008,https://boxd.it/11l6
2022-07-25,Pasanga,2009,https://boxd.it/3PDS
2022-07-25,Chennai 600028,2007,https://boxd.it/2EDA
2022-07-25,Sillunu Oru Kaadhal,2006,https://boxd.it/2hIW
2022-07-25,Kalakalappu,2012,https://boxd.it/4lXq
2022-07-25,Moodar Koodam,2013,https://boxd.it/6zt4
2022-07-25,Kalavani,2010,https://boxd.it/3pcc
2022-07-25,90 ML,2019,https://boxd.it/ihGS
2022-07-25,Yaamirukka Bayamey,2014,https://boxd.it/7Qd0
2022-07-25,Silukkuvarupatti Singam,2018,https://boxd.it/gvFg
2022-07-25,Kalavani 2,2019,https://boxd.it/moMG
2022-07-25,Nanban,2012,https://boxd.it/2hYK
2022-07-25,Spyder,2017,https://boxd.it/g8vW
2022-07-25,Pizza 2: Villa,2013,https://boxd.it/6Yqa
2022-07-25,Vettaiyaadu Vilaiyaadu,2006,https://boxd.it/6mw
2022-07-25,Kaakha Kaakha,2003,https://boxd.it/aQvk
2022-07-25,Yennai Arindhaal,2015,https://boxd.it/9zp8
2022-07-25,Minnale,2001,https://boxd.it/JvW
2022-07-25,Achcham Yenbadhu Madamaiyada,2016,https://boxd.it/aPr2
2022-07-25,Kanna Laddu Thinna Aasaiya,2013,https://boxd.it/4J7o
2022-07-25,Parris Jayaraj,2021,https://boxd.it/tUWi
2022-07-25,Kaaviya Thalaivan,2014,https://boxd.it/8EvI
2022-07-25,24,2016,https://boxd.it/cKPi
2022-07-25,Irumbu Thirai,2018,https://boxd.it/hykC
2022-07-25,Anjaan,2014,https://boxd.it/8uE6
2022-07-25,Baana Kaathadi,2010,https://boxd.it/qYK
2022-07-25,Inception,2010,https://boxd.it/1skk
2022-07-25,The Dark Knight,2008,https://boxd.it/2b0k
2022-07-25,Interstellar,2014,https://boxd.it/4VZ8
2022-07-25,Dunkirk,2017,https://boxd.it/d0Y6
2022-07-25,Batman Begins,2005,https://boxd.it/2aIg
2022-07-25,The Dark Knight Rises,2012,https://boxd.it/H3m
2022-07-25,The Prestige,2006,https://boxd.it/293w
2022-07-25,The Intern,2015,https://boxd.it/7AOE
2022-07-25,Maleficent,2014,https://boxd.it/3v1u
2022-07-25,In Time,2011,https://boxd.it/FPS
2022-07-25,A Million Ways to Die in the West,2014,https://boxd.it/5H9k
2022-08-04,Salt,2010,https://boxd.it/1rtK
2022-08-04,Sathuranga Vettai,2014,https://boxd.it/8HjK
2022-08-04,F2: Fun and Frustration,2019,https://boxd.it/kMEi
2022-08-04,Top Gun,1986,https://boxd.it/29JC
2022-08-11,The Da Vinci Code,2006,https://boxd.it/2a3i
2022-08-28,Gulu Gulu,2022,https://boxd.it/AyUS
2022-08-28,Forrest Gump,1994,https://boxd.it/728
2022-08-28,Finding Nemo,2003,https://boxd.it/72i
2022-08-28,The Social Network,2010,https://boxd.it/17ue
2022-08-28,The Truman Show,1998,https://boxd.it/18U8
2022-08-28,WALL·E,2008,https://boxd.it/1VEo
2022-08-28,The Incredibles,2004,https://boxd.it/1XLm
2022-08-28,Toy Story 2,1999,https://boxd.it/29qq
2022-08-28,Toy Story,1995,https://boxd.it/29qA
2022-08-28,The Matrix Reloaded,2003,https://boxd.it/2a1c
2022-08-28,The Matrix,1999,https://boxd.it/2a1m
2022-08-28,Fight Club,1999,https://boxd.it/2a9q
2022-08-28,The Wolf of Wall Street,2013,https://boxd.it/3C1m
2022-08-28,The Grand Budapest Hotel,2014,https://boxd.it/3ZqO
2022-08-28,Finding Dory,2016,https://boxd.it/4aAA
2022-08-28,Star Wars: The Force Awakens,2015,https://boxd.it/4vru
2022-08-28,Gone Girl,2014,https://boxd.it/6hQu
2022-08-28,Incredibles 2,2018,https://boxd.it/7IPg
2022-08-28,Black Panther,2018,https://boxd.it/8MHs
2022-08-28,Deadpool,2016,https://boxd.it/9fOC
2022-08-28,Spider-Man: Homecoming,2017,https://boxd.it/aboM
2022-08-28,Spider-Man: Into the Spider-Verse,2018,https://boxd.it/azpY
2022-08-28,Once Upon a Time… in Hollywood,2019,https://boxd.it/gH0O
2022-08-28,Joker,2019,https://boxd.it/h4cS
2022-08-28,Parasite,2019,https://boxd.it/hTha
2022-08-28,Kill Bill: Vol. 1,2003,https://boxd.it/70w
2022-08-28,The Lion King,1994,https://boxd.it/201Q
2022-08-28,Captain America: The First Avenger,2011,https://boxd.it/28b0
2022-08-28,Iron Man,2008,https://boxd.it/28dA
2022-08-28,Titanic,1997,https://boxd.it/2a2k
2022-08-28,Jaws,1975,https://boxd.it/2a5e
2022-08-28,Spider-Man 2,2004,https://boxd.it/2a88
2022-08-28,Spider-Man,2002,https://boxd.it/2a8i
2022-08-28,Kill Bill: Vol. 2,2004,https://boxd.it/2au4
2022-08-28,Jurassic Park,1993,https://boxd.it/2aA2
2022-08-28,The Terminator,1984,https://boxd.it/2aQY
2022-08-28,Back to the Future,1985,https://boxd.it/2b8e
2022-08-28,Mad Max: Fury Road,2015,https://boxd.it/2DjO
2022-08-28,Ant-Man,2015,https://boxd.it/3vmW
2022-08-28,The Martian,2015,https://boxd.it/8SeG
2022-08-28,Harry Potter and the Deathly Hallows: Part 1,2010,https://boxd.it/1RYu
2022-08-28,Meyaadha Maan,2017,https://boxd.it/gzJ2
2022-08-28,Memento,2000,https://boxd.it/2bcK
2022-08-28,Dhuruvangal Pathinaaru,2016,https://boxd.it/eCLG
2022-08-28,Aandavan Kattalai,2016,https://boxd.it/esyM
2022-08-28,8 Thottakkal,2017,https://boxd.it/g3ym
2022-08-28,Joker,2016,https://boxd.it/dFbE
2022-08-28,Indru Netru Naalai,2015,https://boxd.it/aPrc
2022-08-28,Thadam,2019,https://boxd.it/iiog
2022-08-28,Papanasam,2015,https://boxd.it/aPrG
2022-08-28,Haridas,2013,https://boxd.it/5uhA
2022-08-28,Neram,2013,https://boxd.it/5L6E
2022-08-28,Onaayum Aattukkuttiyum,2013,https://boxd.it/6DMa
2022-08-28,Thadaiyara Thaakka,2012,https://boxd.it/4sDi
2022-08-28,Aadhalal Kadhal Seiveer,2013,https://boxd.it/4Hik
2022-08-28,Pandiya Naadu,2013,https://boxd.it/6O7W
2022-08-28,Dhoni,2012,https://boxd.it/3TqS
2022-08-28,Vaagai Sooda Vaa,2011,https://boxd.it/3Qgg
2022-08-28,Thamizh Padam,2010,https://boxd.it/3DrU
2022-08-28,Naan Kadavul,2009,https://boxd.it/2i4S
2022-08-28,Subramaniapuram,2008,https://boxd.it/2EKm
2022-08-28,Unnaipol Oruvan,2009,https://boxd.it/1wma
2022-08-28,Achchamundu Achchamundu,2009,https://boxd.it/2hMa
2022-08-28,Mozhi,2007,https://boxd.it/6lI
2022-08-28,Imsai Arasan 23am Pulikesi,2006,https://boxd.it/2LZS
2022-08-28,Virumaandi,2004,https://boxd.it/8tk
2022-08-28,Aayitha Ezhuthu,2004,https://boxd.it/5Y0
2022-08-28,Anbe Sivam,2003,https://boxd.it/1sU8
2022-08-28,Pithamagan,2003,https://boxd.it/2hIs
2022-08-28,Saamy,2003,https://boxd.it/H2S
2022-08-28,Irandam Ulagaporin Kadaisi Gundu,2019,https://boxd.it/oiX8
2022-08-28,Magamuni,2019,https://boxd.it/mgcA
2022-08-28,MGR Magan,2021,https://boxd.it/tA62
2022-08-28,Master,2021,https://boxd.it/nbII
2022-08-28,Biskoth,2020,https://boxd.it/sIno
2022-08-28,Soorarai Pottru,2020,https://boxd.it/lWrq
2022-08-28,Draupathi,2020,https://boxd.it/nJNW
2022-08-28,Naan Sirithal,2020,https://boxd.it/oTxw
2022-08-28,Dagaalty,2020,https://boxd.it/mpVa
2022-08-28,Hero,2019,https://boxd.it/mPDm
2022-08-28,Sangathamizhan,2019,https://boxd.it/maRM
2022-08-28,Sixer,2019,https://boxd.it/n2YC
2022-08-28,Sivappu Manjal Pachai,2019,https://boxd.it/lZP6
2022-08-28,Comali,2019,https://boxd.it/lLgQ
2022-08-28,A1,2019,https://boxd.it/lCec
2022-08-28,Devarattam,2019,https://boxd.it/m6WI
2022-08-28,Kanchana 3,2019,https://boxd.it/hZeG
2022-08-28,Natpe Thunai,2019,https://boxd.it/lJKk
2022-08-28,Ispade Rajavum Idhaya Raniyum,2019,https://boxd.it/ll5W
2022-08-28,LKG,2019,https://boxd.it/j7aY
2022-08-28,Sarvam Thaala Mayam,2019,https://boxd.it/idQu
2022-08-28,Sarkar,2018,https://boxd.it/idhO
2022-08-28,Sandakozhi 2,2018,https://boxd.it/i3yq
2022-08-28,Ghajinikanth,2018,https://boxd.it/hQBw
2022-08-28,Pyaar Prema Kaadhal,2018,https://boxd.it/iygi
2022-08-28,Tik Tik Tik,2018,https://boxd.it/guH6
2022-08-28,Kaala,2018,https://boxd.it/gp6O
2022-08-28,Iruttu Araiyil Murattu Kuthu,2018,https://boxd.it/8NO
2022-08-28,Kalakalappu 2,2018,https://boxd.it/hMje
2022-08-28,Meesaya Murukku,2017,https://boxd.it/f15K
2022-08-28,Kavan,2017,https://boxd.it/g1P6
2022-08-28,Motta Shiva Ketta Shiva,2017,https://boxd.it/cRoy
2022-08-28,Chennai 600028 II: Second Innings,2016,https://boxd.it/esRY
2022-08-28,Kadavul Irukaan Kumaru,2016,https://boxd.it/ewXG
2022-09-10,Time Enna Boss!?,2020,https://boxd.it/zCkC
2022-09-11,Thiruchitrambalam,2022,https://boxd.it/wptK
2022-09-15,M*A*S*H,1970,https://boxd.it/29U6
2022-09-19,Top Gun: Maverick,2022,https://boxd.it/cjr4
2022-09-19,The Day the Earth Stood Still,2008,https://boxd.it/1WQ6
2022-09-19,Hulk,2003,https://boxd.it/27PS
2022-09-19,Blood Diamond,2006,https://boxd.it/28Tm
2022-09-19,The Mummy,2017,https://boxd.it/8HnW
2022-09-19,Oblivion,2013,https://boxd.it/2Bzq
2022-09-19,Mission: Impossible II,2000,https://boxd.it/29cS
2022-09-19,Mission: Impossible III,2006,https://boxd.it/29cI
2022-09-19,Mission: Impossible – Ghost Protocol,2011,https://boxd.it/psI
2022-09-19,Edge of Tomorrow,2014,https://boxd.it/4pD0
2022-09-19,Minority Report,2002,https://boxd.it/2aWi
2022-09-19,Mission: Impossible,1996,https://boxd.it/29d2
2022-09-26,Solo: A Star Wars Story,2018,https://boxd.it/bGWs
2022-09-26,The Lion King,2019,https://boxd.it/eSjI
2022-09-26,Jumper,2008,https://boxd.it/20ss
2022-09-26,Dark Shadows,2012,https://boxd.it/bQ2
2022-09-26,The Equalizer,2014,https://boxd.it/4TUK
2022-09-26,The 5th Wave,2016,https://boxd.it/9wbi
2022-10-02,The Invention of Lying,2009,https://boxd.it/1zGs
2022-10-02,Meet Karl Pilkington II,2010,https://boxd.it/pycE
2022-10-02,Pearl Harbor,2001,https://boxd.it/29Q4
2022-10-02,Daredevil,2003,https://boxd.it/1YzG
2022-10-03,Anbanavan Asaradhavan Adangadhavan,2017,https://boxd.it/eQoQ
2022-10-03,Vaanam,2011,https://boxd.it/8OM
2022-10-03,Manmadhan,2004,https://boxd.it/2hKe
2022-10-03,Vallavan,2006,https://boxd.it/2hKI
2022-10-03,Osthe,2011,https://boxd.it/2JRs
2022-10-03,Podaa Podi,2012,https://boxd.it/6mQ
2022-10-03,Inga Enna Solluthu,2014,https://boxd.it/7n5Q
2022-10-03,Indian,1996,https://boxd.it/1iUM
2022-10-13,The Amazing Spider-Man,2012,https://boxd.it/27PI
2022-10-13,Mission: Impossible – Rogue Nation,2015,https://boxd.it/5rI4
2022-10-13,Kingsman: The Secret Service,2014,https://boxd.it/6dxe
2022-10-13,Avatar,2009,https://boxd.it/1Efm
2022-10-13,American Made,2017,https://boxd.it/bb66
2022-10-13,Mission: Impossible – Fallout,2018,https://boxd.it/bSVc
2022-10-13,Spider-Man: Far from Home,2019,https://boxd.it/fegG
2022-10-18,Looper,2012,https://boxd.it/ham
2022-10-18,Baywatch,2017,https://boxd.it/biG6
2022-10-18,The Mummy Returns,2001,https://boxd.it/28cs
2022-10-18,Pain & Gain,2013,https://boxd.it/4lp4
2022-10-18,Journey 2: The Mysterious Island,2012,https://boxd.it/2o8m
2022-10-18,G.I. Joe: Retaliation,2013,https://boxd.it/2o6A
2022-10-18,The Scorpion King,2002,https://boxd.it/1YWA
2022-10-18,Hercules,2014,https://boxd.it/5B7s
2022-10-18,Anjathe,2008,https://boxd.it/vve
2022-10-18,Saroja,2008,https://boxd.it/up0
2022-10-18,Billa Pandi,2018,https://boxd.it/ilVs
2022-10-18,Pichaikkaran,2016,https://boxd.it/dkw2
2022-10-18,Naan,2012,https://boxd.it/4lAc
2022-10-18,Salim,2014,https://boxd.it/8EiY
2022-10-18,India Pakistan,2015,https://boxd.it/b8YO
2022-10-19,Serenity,2005,https://boxd.it/1Km4
2022-10-19,Percy Jackson: Sea of Monsters,2013,https://boxd.it/2D8m
2022-10-19,The Matrix Revolutions,2003,https://boxd.it/2a12
2022-10-19,2012,2009,https://boxd.it/1OE2
2022-10-19,Maleficent: Mistress of Evil,2019,https://boxd.it/eSig
2022-10-27,Black Adam,2022,https://boxd.it/fup0
2022-10-27,Shazam!,2019,https://boxd.it/8WBu
2022-10-27,Aquaman,2018,https://boxd.it/9ru0
2022-10-27,How to Train Your Dragon 2,2014,https://boxd.it/2TRW
2022-10-27,Constantine,2005,https://boxd.it/2a7E
2022-10-27,Charlie's Angels,2019,https://boxd.it/gogo
2022-10-27,Lara Croft: Tomb Raider – The Cradle of Life,2003,https://boxd.it/27FS
2022-10-27,Eragon,2006,https://boxd.it/26Fs
2022-10-27,Doom,2005,https://boxd.it/1ZOW
2022-10-27,Percy Jackson & the Olympians: The Lightning Thief,2010,https://boxd.it/1gJi
2022-10-27,GoldenEye,1995,https://boxd.it/29KU
2022-10-27,Die Another Day,2002,https://boxd.it/1a5G
2022-10-27,Tomorrow Never Dies,1997,https://boxd.it/29Kg
2022-10-27,The World Is Not Enough,1999,https://boxd.it/1a94
2022-10-27,Bullet to the Head,2012,https://boxd.it/2up4
2022-10-27,Rush Hour 3,2007,https://boxd.it/23gk
2022-10-27,Vanguard,2020,https://boxd.it/mkvQ
2022-10-27,Fist of Fury,1972,https://boxd.it/1TaG
2022-10-27,Armour of God,1986,https://boxd.it/1UXa
2022-10-27,Police Story 3: Super Cop,1992,https://boxd.it/1Uyk
2022-10-27,City Hunter,1993,https://boxd.it/1Uou
2022-10-27,Who Am I?,1998,https://boxd.it/1ZVI
2022-10-27,Rush Hour,1998,https://boxd.it/27pU
2022-10-27,Shanghai Noon,2000,https://boxd.it/202a
2022-10-27,Rush Hour 2,2001,https://boxd.it/23ga
2022-10-27,The Tuxedo,2002,https://boxd.it/1Vra
2022-10-27,Shanghai Knights,2003,https://boxd.it/228a
2022-10-27,The Medallion,2003,https://boxd.it/1VPG
2022-10-27,Around the World in 80 Days,2004,https://boxd.it/1WPs
2022-10-27,New Police Story,2004,https://boxd.it/1TmC
2022-10-27,The Myth,2005,https://boxd.it/1Tkc
2022-10-27,The Spy Next Door,2010,https://boxd.it/1zyo
2022-10-27,The Karate Kid,2010,https://boxd.it/15HA
2022-10-27,Kung Fu Panda 2,2011,https://boxd.it/G36
2022-10-27,Chinese Zodiac,2012,https://boxd.it/3oAi
2022-10-27,Police Story: Lockdown,2013,https://boxd.it/6wl2
2022-10-29,Ponniyin Selvan: Part I,2022,https://boxd.it/oz24
2022-11-06,Prince,2022,https://boxd.it/yLcq
2022-11-06,Nenjamundu Nermaiyundu Odu Raja,2019,https://boxd.it/mtUK
2022-11-06,Theeya Velai Seiyyanum Kumaru,2013,https://boxd.it/5LfG
2022-11-08,Love Today,2022,https://boxd.it/D3KI
2022-11-08,2.0,2018,https://boxd.it/cXRm
2022-11-08,Enemy,2021,https://boxd.it/u45e
2022-11-08,Hara Hara Mahadevaki,2017,https://boxd.it/fDxi
2022-11-08,Inimey Ippadithan,2015,https://boxd.it/bw7a
2022-11-08,Paayum Puli,2015,https://boxd.it/bliG
2022-11-08,Ayogya,2019,https://boxd.it/lmgc
2022-11-08,Pisaasu,2014,https://boxd.it/9ZDK
2022-11-08,Jilla,2014,https://boxd.it/7dSy
2022-11-08,Puppy,2019,https://boxd.it/lM0E
2022-11-08,Modhi Vilayadu,2009,https://boxd.it/3Kee
2022-11-08,Maattrraan,2012,https://boxd.it/4tIe
2022-11-08,All in All Azhagu Raja,2013,https://boxd.it/6RAW
2022-11-08,Kavalai Vendam,2016,https://boxd.it/cTUc
2022-11-12,Bhooloham,2015,https://boxd.it/8EjC
2022-11-12,Pirates of the Caribbean: Dead Men Tell No Tales,2017,https://boxd.it/5a9m
2022-11-26,Black Panther: Wakanda Forever,2022,https://boxd.it/igPu
2022-11-26,No Strings Attached,2011,https://boxd.it/YUs
2022-11-26,Mr. Peabody & Sherman,2014,https://boxd.it/2TRM
2022-11-26,Jobs,2013,https://boxd.it/3RcY
2022-11-26,Green Lantern,2011,https://boxd.it/QN4
2022-11-26,Olympus Has Fallen,2013,https://boxd.it/3TMY
2022-11-26,London Has Fallen,2016,https://boxd.it/814o
2022-11-26,Ready Player One,2018,https://boxd.it/aZes
2022-11-26,Ra.One,2011,https://boxd.it/ZbS
2022-11-26,Krrish,2006,https://boxd.it/1gCw
2022-11-26,Krrish 3,2013,https://boxd.it/68tm
2022-11-26,The War with Grandpa,2020,https://boxd.it/f2jy
2022-11-26,Ice Age: The Meltdown,2006,https://boxd.it/2wRk
2022-11-26,Watchmen,2019,https://boxd.it/ol5e
2022-11-26,Iruvar,1997,https://boxd.it/H2o
2022-11-26,2 States,2014,https://boxd.it/7GOK
2022-11-26,Gulaebaghavali,2018,https://boxd.it/gBky
2022-11-26,Kaadhal,2004,https://boxd.it/2Mpc
2022-11-26,Kannamoochi Yenada,2007,https://boxd.it/b8pk
2022-11-26,Irumbu Kottai Murattu Singam,2010,https://boxd.it/2M0w
2022-11-26,Arai Enn 305-Il Kadavul,2008,https://boxd.it/2M0m
2022-11-26,Pattiyal,2006,https://boxd.it/5Z8
2022-11-26,Bramman,2014,https://boxd.it/7FK8
2022-11-26,Mankatha,2011,https://boxd.it/2EwE
2022-11-26,Muni 2: Kanchana,2011,https://boxd.it/2ygg
2022-11-26,Thaandavam,2012,https://boxd.it/2Jp4
2022-11-26,Dhaam Dhoom,2008,https://boxd.it/2hTK
2022-11-26,Velli Thirai,2008,https://boxd.it/6ly
2022-11-26,Vamanan,2009,https://boxd.it/2L8a
2022-11-26,Nan Avan illa :2,2009,https://boxd.it/3Kd6
2022-11-26,Kuthu,2004,https://boxd.it/2hK4
2022-11-26,Singam Puli,2011,https://boxd.it/6nY
2022-11-26,Udhayam NH4,2013,https://boxd.it/5FGm
2022-12-10,Nobody,2021,https://boxd.it/mLqS
2022-12-12,The Roundup,2022,https://boxd.it/mVnO
2022-12-12,Eternals,2021,https://boxd.it/j36o
2022-12-12,Mr. & Mrs. Smith,2005,https://boxd.it/29CG
2022-12-12,Alexander,2004,https://boxd.it/27K4
2022-12-12,The Tourist,2010,https://boxd.it/17Hs
2022-12-27,We're the Millers,2013,https://boxd.it/4srQ
2022-12-27,The Taking of Pelham 1 2 3,2009,https://boxd.it/1GS6
2022-12-27,The Hunger Games,2012,https://boxd.it/2uds
2022-12-27,Venom,2018,https://boxd.it/b8wA
2022-12-27,War for the Planet of the Apes,2017,https://boxd.it/8FE2
2022-12-27,Ender's Game,2013,https://boxd.it/2N9Y
2022-12-27,Split,2016,https://boxd.it/dgSy
2022-12-27,The Pursuit of Happyness,2006,https://boxd.it/28PE
2022-12-27,Red Heat,1988,https://boxd.it/1Yga
2022-12-27,Life of Pi,2012,https://boxd.it/37pC
2022-12-27,About Time,2013,https://boxd.it/43bI
2022-12-27,Pirates of the Caribbean: The Curse of the Black Pearl,2003,https://boxd.it/70G
2022-12-27,Pirates of the Caribbean: Dead Man's Chest,2006,https://boxd.it/2bfk
2022-12-27,Pirates of the Caribbean: At World's End,2007,https://boxd.it/2aGu
2023-01-07,Velainu Vandhutta Vellaikaaran,2016,https://boxd.it/dWy6
2023-01-07,Vennila Kabadi Kuzhu,2009,https://boxd.it/3Mue
2023-01-07,Mundasupatti,2014,https://boxd.it/88Kc
2023-01-07,Gatta Kusthi,2022,https://boxd.it/AdFW
2023-01-17,Agent Kannayiram,2022,https://boxd.it/z7Bs
2023-02-07,Thunivu,2023,https://boxd.it/y85g
2023-02-07,English Vinglish,2012,https://boxd.it/3Weq
2023-02-07,Billa II,2012,https://boxd.it/3RWW
2023-02-07,Varalaru,2006,https://boxd.it/2hda
2023-02-07,Citizen,2001,https://boxd.it/2hes
2023-02-07,Villain,2002,https://boxd.it/2hby
2023-02-07,Amarkalam,1999,https://boxd.it/2h9W
2023-02-07,Asal,2010,https://boxd.it/2drs
2023-02-07,Aalwar,2007,https://boxd.it/2hcQ
2023-02-07,Jil Jung Juk,2016,https://boxd.it/cFJE
2023-02-07,The Dirty Picture,2011,https://boxd.it/2QaU
2023-02-07,Mission Mangal,2019,https://boxd.it/mBBc
2023-02-07,Guru,2007,https://boxd.it/1Lyq
2023-02-13,Varisu,2023,https://boxd.it/vuNo
2023-02-13,Yavarum Nalam,2009,https://boxd.it/1Ekm
2023-02-13,Annamalai,1992,https://boxd.it/HHm
2023-02-13,6 candles,2013,https://boxd.it/6BVY
2023-02-13,Purampokku Engira Podhuvudamai,2015,https://boxd.it/7RzG
2023-02-13,Thoondil,2008,https://boxd.it/7NUg
2023-02-19,Ant-Man and the Wasp: Quantumania,2023,https://boxd.it/nL2y
2023-02-19,Pokémon Detective Pikachu,2019,https://boxd.it/fVA0
2023-02-19,Bad Teacher,2011,https://boxd.it/yXA
2023-02-27,Jaya Jaya Jaya Jaya Hey,2022,https://boxd.it/z60K
2023-03-10,The Hateful Eight,2015,https://boxd.it/8gw8
2023-03-27,John Wick: Chapter 4,2023,https://boxd.it/mh48
2023-03-27,John Wick,2014,https://boxd.it/7dEc
2023-03-27,John Wick: Chapter 2,2017,https://boxd.it/ayGu
2023-03-27,John Wick: Chapter 3 – Parabellum,2019,https://boxd.it/gmFw
2023-03-27,Speed,1994,https://boxd.it/28qk
2023-03-27,Rogue One: A Star Wars Story,2016,https://boxd.it/aPvy
2023-04-04,Pallu Padama Paathuka,2023,https://boxd.it/t486
2023-04-04,Gentleman,1993,https://boxd.it/7YQ
2023-04-04,Kadhalan,1994,https://boxd.it/it0
2023-04-04,Baba,2002,https://boxd.it/8IY
2023-04-04,Pokkiri,2007,https://boxd.it/hoS
2023-04-04,Engeyum Kadhal,2011,https://boxd.it/60q
2023-04-04,Lakshmi,2018,https://boxd.it/jqLO
2023-04-04,Pizza,2012,https://boxd.it/4tbO
2023-04-04,Avan Ivan,2011,https://boxd.it/3q6
2023-04-04,Dharma Prabhu,2019,https://boxd.it/my5i
2023-04-04,Thegidi,2014,https://boxd.it/7BiE
2023-04-04,Oru Nalla Naal Paathu Solren,2018,https://boxd.it/giYE
2023-04-04,Rummy,2014,https://boxd.it/7plm
2023-04-04,Kadhal Konden,2003,https://boxd.it/2hZo
2023-04-04,7G Rainbow Colony,2004,https://boxd.it/1xDQ
2023-04-04,Pudhupettai,2006,https://boxd.it/2i1u
2023-04-04,Madurey,2004,https://boxd.it/6qI
2023-04-04,Kovil,2004,https://boxd.it/2hJU
2023-04-04,Thiruttu Payale,2006,https://boxd.it/2LYq
2023-04-04,Love Birds,1996,https://boxd.it/esdE
2023-04-04,Mr. Romeo,1996,https://boxd.it/9B4G
2023-04-04,Rhythm,2000,https://boxd.it/2h72
2023-04-04,Avvai Shanmugi,1996,https://boxd.it/2hSC
2023-04-04,Muthu,1995,https://boxd.it/8Ik
2023-04-04,Yejaman,1993,https://boxd.it/2hLQ
2023-04-04,Veera,1994,https://boxd.it/8Ia
2023-04-04,Shock,2004,https://boxd.it/7O2a
2023-04-04,Anantha Poongattre...,1999,https://boxd.it/2IW2
2023-04-04,Sengottai,1996,https://boxd.it/7zT4
2023-04-04,Kadhala Kadhala,1998,https://boxd.it/8rS
2023-04-04,Eazhaiyin Sirippil,2000,https://boxd.it/8Ewm
2023-04-04,Suyamvaram,1999,https://boxd.it/2h7c
2023-04-04,James Pandu,2000,https://boxd.it/8Eww
2023-04-04,Alli Thandha Vaanam,2001,https://boxd.it/8EwQ
2023-04-04,Pennin Manathai Thottu,2000,https://boxd.it/2Jgw
2023-04-04,Nenjam Marappathillai,2021,https://boxd.it/ewNG
2023-04-04,Samurai,2002,https://boxd.it/2hEq
2023-04-04,Thirumalai,2003,https://boxd.it/2hFo
2023-04-04,Sollamale,1998,https://boxd.it/fBp2
2023-04-04,Saguni,2012,https://boxd.it/2fjg
2023-04-04,Kaavalan,2011,https://boxd.it/jJo
2023-04-04,Viswanathan Ramamoorthy,2001,https://boxd.it/i8MC
2023-04-04,Padayappa,1999,https://boxd.it/JvC
2023-04-04,Arunachalam,1997,https://boxd.it/8IE
2023-04-04,Anthahpuram,1998,https://boxd.it/2P7q
2023-04-04,Kadhalar Dhinam,1999,https://boxd.it/8bh8
2023-04-04,Kushi,2000,https://boxd.it/2hFS
2023-04-04,Baasha,1995,https://boxd.it/GVW
2023-04-04,Metukudi,1996,https://boxd.it/7NBe
2023-04-11,Viduthalai: Part I,2023,https://boxd.it/tzzM
2023-04-11,Pathu Thala,2023,https://boxd.it/xiYy
2023-04-12,Shazam! Fury of the Gods,2023,https://boxd.it/lV0S
2023-04-13,Avatar: The Way of Water,2022,https://boxd.it/2E2E
2023-04-21,Bedazzled,2000,https://boxd.it/28qu
2023-05-02,Ponniyin Selvan: Part II,2023,https://boxd.it/wpuS
2023-05-05,It's a Boy Girl Thing,2006,https://boxd.it/17F2
2023-05-08,Guardians of the Galaxy Vol. 3,2023,https://boxd.it/fVNI
2023-05-18,Highway,2014,https://boxd.it/7pEy
2023-05-18,Tropic Thunder,2008,https://boxd.it/20WM
2023-05-19,Naalu Policeum Nalla Irundha Oorum,2015,https://boxd.it/8Bn2
2023-05-19,Oru Kanniyum Moonu Kalavaanikalum,2014,https://boxd.it/7OfI
2023-05-19,Demonte Colony,2015,https://boxd.it/bmNU
2023-05-19,Mouna Guru,2011,https://boxd.it/4EOM
2023-05-31,Thupparivaalan,2017,https://boxd.it/esI8
2023-05-31,Endrendrum Punnagai,2013,https://boxd.it/79Y8
2023-05-31,Unnale Unnale,2007,https://boxd.it/3Lxc
2023-05-31,Deepavali,2007,https://boxd.it/5YE
2023-05-31,Veyyil,2006,https://boxd.it/8M2
2023-05-31,Jayam Kondaan,2008,https://boxd.it/2Lb4
2023-06-16,Transformers: Rise of the Beasts,2023,https://boxd.it/oQTa
2023-06-16,Fast X,2023,https://boxd.it/drIu
2023-06-16,Modern Love Chennai,2023,https://boxd.it/GJ2k
2023-06-20,Por Thozhil,2023,https://boxd.it/GbJE
2023-06-24,Extraction 2,2023,https://boxd.it/q4Zo
2023-06-24,Resident Evil,2002,https://boxd.it/28z2
2023-06-24,Resident Evil: Extinction,2007,https://boxd.it/20Oy
2023-06-24,Resident Evil: Apocalypse,2004,https://boxd.it/28yS
2023-06-24,Hellboy,2019,https://boxd.it/gjaA
2023-06-24,Resident Evil: Retribution,2012,https://boxd.it/2qmK
2023-06-24,Resident Evil: Afterlife,2010,https://boxd.it/1bVo
2023-06-24,Resident Evil: The Final Chapter,2016,https://boxd.it/5lqS
2023-06-24,The Three Musketeers,2011,https://boxd.it/yXg
2023-06-24,Suicide Squad,2016,https://boxd.it/9row
2023-06-24,Quantum of Solace,2008,https://boxd.it/1Vs8
2023-06-24,The Green Hornet,2011,https://boxd.it/10TQ
2023-06-25,Ullathai Allitha,1996,https://boxd.it/2JE4
2023-06-25,Sudhandhiram,2000,https://boxd.it/c2OA
2023-06-25,Thalapathi,1991,https://boxd.it/1mDg
2023-06-25,Lingaa,2014,https://boxd.it/9xZe
2023-06-25,Kochadaiiyaan,2014,https://boxd.it/7Ado
2023-06-25,16 Vayathinile,1977,https://boxd.it/8uC
2023-06-25,Mannan,1992,https://boxd.it/8Ji
2023-06-25,Billa,1980,https://boxd.it/8bB8
2023-06-25,Padikkadavan,1985,https://boxd.it/8Ei
2023-06-25,Guru Sishyan,1988,https://boxd.it/8Ge
2023-06-25,Murattu Kaalai,1980,https://boxd.it/8zs
2023-06-25,Mr. Bharath,1986,https://boxd.it/8EM
2023-06-25,Dharma Durai,1991,https://boxd.it/8H2
2023-06-25,Ullam Kollai Poguthey,2001,https://boxd.it/2IQe
2023-06-25,Winner,2003,https://boxd.it/8tqW
2023-06-25,Michael Madana Kama Rajan,1990,https://boxd.it/1O5c
2023-06-25,Singaravelan,1992,https://boxd.it/8q6
2023-06-25,Nattamai,1994,https://boxd.it/2JjA
2023-06-25,Unnidathil Ennai Koduthen,1998,https://boxd.it/2J38
2023-06-25,Viralukketha Veekkam,1999,https://boxd.it/gkCU
2023-06-25,Koodi Vazhnthal Kodi Nanmai,2000,https://boxd.it/fMYC
2023-06-25,Malabar Police,1999,https://boxd.it/b8tQ
2023-06-25,Apoorva Sagodharargal,1989,https://boxd.it/8pi
2023-06-25,Thenali,2000,https://boxd.it/2hSi
2023-06-25,Panchatanthiram,2002,https://boxd.it/H2e
2023-06-25,Vietnam Colony,1994,https://boxd.it/7M5w
2023-06-25,Ratchagan,1997,https://boxd.it/5vIM
2023-07-02,Adipurush,2023,https://boxd.it/rxX4
2023-07-03,Trance,2020,https://boxd.it/lIWO
2023-07-03,Maamannan,2023,https://boxd.it/yaLS
2023-07-03,Darling 2,2016,https://boxd.it/cPjm
2023-07-03,Wagah,2016,https://boxd.it/bTXS
2023-07-03,Veeran,2023,https://boxd.it/B0YS
2023-07-04,Asterix & Obelix: Mission Cleopatra,2002,https://boxd.it/268o
2023-07-04,Asterix & Obelix: The Middle Kingdom,2023,https://boxd.it/nSVq
2023-07-10,Indiana Jones and the Dial of Destiny,2023,https://boxd.it/b8vM
2023-07-10,Blade Runner,1982,https://boxd.it/2bcA
2023-07-10,Logan,2017,https://boxd.it/7Piy
2023-07-10,Ford v Ferrari,2019,https://boxd.it/ce74
2023-07-10,The Wolverine,2013,https://boxd.it/2CWU
2023-07-16,Katharbasha Endra Muthuramalingam,2023,https://boxd.it/D6To
2023-07-16,Kaappaan,2019,https://boxd.it/jqES
2023-07-16,Madrasapattinam,2010,https://boxd.it/SVu
2023-07-16,Siva Manasula Sakthi,2009,https://boxd.it/6nu
2023-07-16,Va,2010,https://boxd.it/2i4o
2023-07-16,Irandam Ulagam,2013,https://boxd.it/2i36
2023-07-16,Trisha Illana Nayanthara,2015,https://boxd.it/bCHS
2023-07-16,Oram Po,2007,https://boxd.it/2i3U
2023-07-16,Sarvam,2009,https://boxd.it/2i5c
2023-07-16,Arinthum Ariyamalum,2005,https://boxd.it/6na
2023-07-16,Enakku Innoru Per Irukku,2016,https://boxd.it/dGBS
2023-07-16,Paava Kadhaigal,2020,https://boxd.it/tnu6
2023-07-17,The Flash,2023,https://boxd.it/9twC
2023-07-17,Man of Steel,2013,https://boxd.it/FRk
2023-07-17,Rain Man,1988,https://boxd.it/2avw
2023-07-17,Mission: Impossible – Dead Reckoning Part One,2023,https://boxd.it/l7zS
2023-07-23,Oppenheimer,2023,https://boxd.it/wUow
2023-07-23,TRON: Legacy,2010,https://boxd.it/1Dlo
2023-07-23,Transcendence,2014,https://boxd.it/4VSQ
2023-07-23,The Twilight Saga: Breaking Dawn – Part 2,2012,https://boxd.it/DdC
2023-07-23,Need for Speed,2014,https://boxd.it/4p90
2023-07-23,The Godfather,1972,https://boxd.it/2aNK
2023-07-30,A Quiet Place,2018,https://boxd.it/fVJQ
2023-07-30,A Quiet Place Part II,2020,https://boxd.it/iTx0
2023-08-03,Enthiran,2010,https://boxd.it/4Hgo
2023-08-03,Something Something… Unakkum Enakkum,2006,https://boxd.it/5ZC
2023-08-03,DD Returns,2023,https://boxd.it/HEFy
2023-08-03,Vanakkam Chennai,2013,https://boxd.it/6HMS
2023-08-03,Alex Pandian,2013,https://boxd.it/4T9a
2023-08-03,Dhilluku Dhuddu 2,2019,https://boxd.it/liku
2023-08-03,Dhilluku Dhuddu,2016,https://boxd.it/eepG
2023-08-03,Thillu Mullu,2013,https://boxd.it/5Yc6
2023-08-03,Vallavanukku Pullum Aayudham,2014,https://boxd.it/7Qfg
2023-08-03,Sakka Podu Podu Raja,2017,https://boxd.it/hiCg
2023-08-03,Enakku Vaaitha Adimaigal,2017,https://boxd.it/exXi
2023-08-03,Rendu,2006,https://boxd.it/2hRk
2023-08-03,Leelai,2012,https://boxd.it/3Qgq
2023-08-03,Muppozhudhum Un Karpanaigal,2012,https://boxd.it/3P7M
2023-08-03,Vaaliba Raja,2016,https://boxd.it/8BqU
2023-08-03,Kandhakottai,2009,https://boxd.it/7l34
2023-08-03,Kuruvi,2008,https://boxd.it/vwc
2023-08-03,Mudhalvan,1999,https://boxd.it/7Zu
2023-08-03,Dhill,2001,https://boxd.it/2hDW
2023-08-03,Jannal Oram,2013,https://boxd.it/73XS
2023-08-03,Thirunaal,2016,https://boxd.it/cK6C
2023-08-03,Kireedam,2007,https://boxd.it/2hdY
2023-08-03,Kaadhal Solla Vandhen,2010,https://boxd.it/2i4y
2023-08-03,Idharkuthane Aasaipattai Balakumara,2013,https://boxd.it/6FCw
2023-08-05,Bird Box,2018,https://boxd.it/eh1i
2023-08-05,Good Night,2023,https://boxd.it/FgZA
2023-08-12,Maaveeran,2023,https://boxd.it/Bktq
2023-08-12,Jithan,2005,https://boxd.it/2PVq
2023-08-12,Mugamoodi,2012,https://boxd.it/2hYU
2023-08-12,Vatthikuchi,2013,https://boxd.it/4Hjs
2023-08-15,Jailer,2023,https://boxd.it/zkA8
2023-08-16,A Man Called Otto,2022,https://boxd.it/zl06
2023-08-16,Spider-Man: Across the Spider-Verse,2023,https://boxd.it/kSz4
2023-08-18,Dil Se..,1998,https://boxd.it/1CgC
2023-08-18,Chennai Express,2013,https://boxd.it/69tM
2023-08-18,Chak De! India,2007,https://boxd.it/1ODI
2023-08-18,Rab Ne Bana Di Jodi,2008,https://boxd.it/1OOG
2023-08-18,Jab Tak Hai Jaan,2012,https://boxd.it/4iiu
2023-08-18,Happy New Year,2014,https://boxd.it/8sf4
2023-08-24,Pathaan,2023,https://boxd.it/wGeC
2023-09-01,DSP,2022,https://boxd.it/unEM
2023-09-02,Werewolf by Night,2022,https://boxd.it/xMrO
2023-09-02,Total Recall,2012,https://boxd.it/Ro
2023-09-02,Van Helsing,2004,https://boxd.it/21aa
2023-09-02,Underworld,2003,https://boxd.it/2aHs
2023-09-02,Underworld: Evolution,2006,https://boxd.it/29v6
2023-09-02,Underworld: Rise of the Lycans,2009,https://boxd.it/1RZs
2023-09-02,Underworld: Awakening,2012,https://boxd.it/yMs
2023-09-02,Underworld: Blood Wars,2016,https://boxd.it/bCIw
2023-09-02,Sex and the City,2008,https://boxd.it/246q
2023-09-02,Baby's Day Out,1994,https://boxd.it/1Ume
2023-09-10,Vendhu Thanindhathu Kaadu,2022,https://boxd.it/u8ki
2023-09-13,Sisu,2022,https://boxd.it/vHpu
2023-09-16,Knives Out,2019,https://boxd.it/jWEA
2023-09-19,Mark Antony,2023,https://boxd.it/yJKA
2023-09-19,Aayirathil Oruvan,2010,https://boxd.it/2hP4
2023-09-19,Lucky Man,1995,https://boxd.it/2JCs
2023-09-19,Varushamellam Vasantham,2002,https://boxd.it/ifAo
2023-09-19,Sandakozhi,2005,https://boxd.it/2EXU
2023-09-19,Kathakali,2016,https://boxd.it/cKQ6
2023-09-19,Chellamae,2004,https://boxd.it/2EXA
2023-09-19,Kaththi Sandai,2016,https://boxd.it/esHY
2023-09-19,Vedi,2011,https://boxd.it/2EPG
2023-09-19,Thupparivaalan II,,https://boxd.it/tUTe
2023-09-19,Pattathu Yaanai,2013,https://boxd.it/6fYc
2023-09-19,Junga,2018,https://boxd.it/hMqO
2023-09-19,Sivakasi,2005,https://boxd.it/HH2
2023-09-19,Vel,2007,https://boxd.it/2hJ6
2023-09-19,Paandi,2008,https://boxd.it/7NYC
2023-09-19,Dindigul Sarathy,2008,https://boxd.it/3uly
2023-09-19,Thenmerku Paruvakatru,2010,https://boxd.it/2LaK
2023-09-19,Pulp Fiction,1994,https://boxd.it/29Pq
2023-09-19,Reservoir Dogs,1992,https://boxd.it/2agc
2023-10-16,Jana,2004,https://boxd.it/2hc2
2023-10-16,Maaman Magal,1995,https://boxd.it/b8nI
2023-10-16,Thai Maaman,1994,https://boxd.it/b8sy
2023-10-16,Youth,2002,https://boxd.it/2hGw
2023-10-16,Adi Thadi,2004,https://boxd.it/wkCW
2023-10-16,London,2005,https://boxd.it/8trq
2023-10-21,"August 16, 1947",2023,https://boxd.it/B1jm
2023-10-21,Peter Pan,2003,https://boxd.it/1VQY
2023-10-21,Middle Class Madhavan,2001,https://boxd.it/cGwc
2023-10-21,17 Again,2009,https://boxd.it/1Jnq
2023-10-21,Valerian and the City of a Thousand Planets,2017,https://boxd.it/biYY
2023-10-22,Summa Irunga Machan,1996,https://boxd.it/JdGI
2023-10-28,Chandramukhi 2,2023,https://boxd.it/Bjwo
2023-10-28,Kanchana 2,2015,https://boxd.it/aPsk
2023-10-28,Muni,2007,https://boxd.it/6EBW
2023-10-28,Puthiya Geethai,2003,https://boxd.it/6qo
2023-10-28,Kumki,2012,https://boxd.it/4EJi
2023-10-28,Miruthan,2016,https://boxd.it/cLn0
2023-10-28,Komban,2015,https://boxd.it/aHIu
2023-10-28,Sundarapandian,2012,https://boxd.it/4kU6
2023-10-28,Kutti Puli,2013,https://boxd.it/5XTo
2023-10-28,Enakkul Oruvan,2015,https://boxd.it/9Pbw
2023-10-28,Darling,2015,https://boxd.it/akdo
2023-10-30,The Nun II,2023,https://boxd.it/AyRY
2023-11-06,Pachuvum Athbhuthavilakkum,2023,https://boxd.it/uLqO
2023-11-06,Leo,2023,https://boxd.it/zOWS
2023-11-08,2018,2023,https://boxd.it/wKhA
2023-11-10,Kumbalangi Nights,2019,https://boxd.it/l8wA
2023-11-11,Life,2017,https://boxd.it/dRqG
2023-11-12,Jigarthanda DoubleX,2023,https://boxd.it/C4xI
2023-11-14,Irugapatru,2023,https://boxd.it/EEGA
2023-11-14,Poraali,2011,https://boxd.it/2Lbe
2023-11-14,Peranmai,2009,https://boxd.it/2hU4
2023-11-14,Sonna Puriyathu,2013,https://boxd.it/6itw
2023-11-14,Bakrid,2019,https://boxd.it/jTjY
2023-11-14,Vattaram,2006,https://boxd.it/2i3K
2023-11-14,Nee Varuvai Ena,1999,https://boxd.it/2NhS
2023-11-15,Angamaly Diaries,2017,https://boxd.it/fIEe
2023-11-15,Ayyappanum Koshiyum,2020,https://boxd.it/otGi
2023-11-19,Partner,2023,https://boxd.it/IlxM
2023-12-10,Aalavandhan,2001,https://boxd.it/8sm
